<scalastyle commentFilter="enabled">
 <name>Scalastyle standard configuration</name>
 <check level="warning" class="org.scalastyle.file.FileTabChecker" enabled="true"></check>
 <check level="warning" class="org.scalastyle.file.FileLengthChecker" enabled="true">
  <parameters>
   <parameter name="maxFileLength"><![CDATA[800]]></parameter>
  </parameters>
 </check>
 <check level="warning" class="org.scalastyle.scalariform.SpacesAfterPlusChecker" enabled="true"></check>
 <check level="warning" class="org.scalastyle.file.WhitespaceEndOfLineChecker" enabled="true"></check>
 <check level="warning" class="org.scalastyle.scalariform.SpacesBeforePlusChecker" enabled="true"></check>
 <check level="warning" class="org.scalastyle.file.FileLineLengthChecker" enabled="true">
  <parameters>
   <parameter name="maxLineLength"><![CDATA[160]]></parameter>
   <parameter name="tabSize"><![CDATA[4]]></parameter>
  </parameters>
 </check>
 <check level="warning" class="org.scalastyle.scalariform.ClassNamesChecker" enabled="true">
  <parameters>
   <parameter name="regex"><![CDATA[[A-Z][A-Za-z]*]]></parameter>
  </parameters>
 </check>
 <check level="warning" class="org.scalastyle.scalariform.ObjectNamesChecker" enabled="true">
  <parameters>
   <parameter name="regex"><![CDATA[[A-Z][A-Za-z]*]]></parameter>
  </parameters>
 </check>
 <check level="warning" class="org.scalastyle.scalariform.PackageObjectNamesChecker" enabled="true">
  <parameters>
   <parameter name="regex"><![CDATA[^[a-z][A-Za-z]*$]]></parameter>
  </parameters>
 </check>
 <check level="warning" class="org.scalastyle.scalariform.IllegalImportsChecker" enabled="true">
  <parameters>
   <parameter name="illegalImports"><![CDATA[sun._,java.awt._]]></parameter>
  </parameters>
 </check>
 <check level="warning" class="org.scalastyle.scalariform.ParameterNumberChecker" enabled="true">
  <parameters>
   <parameter name="maxParameters"><![CDATA[8]]></parameter>
  </parameters>
 </check>
 <check level="warning" class="org.scalastyle.scalariform.NoWhitespaceBeforeLeftBracketChecker" enabled="true"></check>
 <check level="warning" class="org.scalastyle.scalariform.NoWhitespaceAfterLeftBracketChecker" enabled="true"></check>
 <check level="warning" class="org.scalastyle.scalariform.ReturnChecker" enabled="true"></check>
 <check level="warning" class="org.scalastyle.scalariform.NullChecker" enabled="true"></check>
 <check level="warning" class="org.scalastyle.scalariform.NoCloneChecker" enabled="true"></check>
 <check level="warning" class="org.scalastyle.scalariform.NoFinalizeChecker" enabled="true"></check>
 <check level="warning" class="org.scalastyle.scalariform.CovariantEqualsChecker" enabled="true"></check>
 <check level="warning" class="org.scalastyle.scalariform.StructuralTypeChecker" enabled="true"></check>
 <check level="warning" class="org.scalastyle.scalariform.NumberOfTypesChecker" enabled="true">
  <parameters>
   <parameter name="maxTypes"><![CDATA[30]]></parameter>
  </parameters>
 </check>
 <check level="warning" class="org.scalastyle.scalariform.CyclomaticComplexityChecker" enabled="true">
  <parameters>
   <parameter name="maximum"><![CDATA[15]]></parameter>
  </parameters>
 </check>
 <check level="warning" class="org.scalastyle.scalariform.UppercaseLChecker" enabled="true"></check>
 <check level="warning" class="org.scalastyle.scalariform.SimplifyBooleanExpressionChecker" enabled="true"></check>
 <check level="warning" class="org.scalastyle.scalariform.MethodLengthChecker" enabled="true">
  <parameters>
   <parameter name="maxLength"><![CDATA[120]]></parameter>
  </parameters>
 </check>
 <check level="warning" class="org.scalastyle.scalariform.MethodNamesChecker" enabled="true">
  <parameters>
   <parameter name="regex"><![CDATA[^[a-z][A-Za-z0-9]*$]]></parameter>
  </parameters>
 </check>
 <check level="warning" class="org.scalastyle.scalariform.NumberOfMethodsInTypeChecker" enabled="true">
  <parameters>
   <parameter name="maxMethods"><![CDATA[30]]></parameter>
  </parameters>
 </check>
 <check level="warning" class="org.scalastyle.scalariform.PublicMethodsHaveTypeChecker" enabled="true"></check>
 <check level="warning" class="org.scalastyle.file.NewLineAtEofChecker" enabled="true"></check>
 <check level="warning" class="org.scalastyle.file.NoNewLineAtEofChecker" enabled="false"></check>
 <check level="warning" class="org.scalastyle.scalariform.WhileChecker" enabled="true"></check>
 <check level="warning" class="org.scalastyle.scalariform.VarFieldChecker" enabled="true"></check>
 <check level="warning" class="org.scalastyle.scalariform.VarLocalChecker" enabled="true"></check>
 <check level="warning" class="org.scalastyle.scalariform.RedundantIfChecker" enabled="true"></check>
 <check level="warning" class="org.scalastyle.scalariform.TokenChecker" enabled="true">
  <parameters>
   <parameter name="regex"><![CDATA[println]]></parameter>
  </parameters>
 </check>
 <check enabled="true" class="org.scalastyle.scalariform.TokenChecker" level="warning">
  <parameters>
   <parameter name="regex">^[ai]sInstanceOf$</parameter>
  </parameters>
  <customMessage>Avoid casting.</customMessage>
 </check>
 <check level="warning" class="org.scalastyle.scalariform.DeprecatedJavaChecker" enabled="true"></check>
 <check level="warning" class="org.scalastyle.scalariform.EmptyClassChecker" enabled="true"></check>
 <check level="warning" class="org.scalastyle.scalariform.ClassTypeParameterChecker" enabled="true">
  <parameters>
   <parameter name="regex"><![CDATA[^[A-Z_]$]]></parameter>
  </parameters>
 </check>
 <check level="warning" class="org.scalastyle.scalariform.UnderscoreImportChecker" enabled="false"></check>
 <check level="warning" class="org.scalastyle.scalariform.LowercasePatternMatchChecker" enabled="true"></check>
 <check level="warning" class="org.scalastyle.scalariform.ImportGroupingChecker" enabled="false"/>
 <check enabled="false" class="org.scalastyle.file.IndentationChecker" level="warning"/>
 <check enabled="true" class="org.scalastyle.scalariform.NonASCIICharacterChecker" level="warning"/>
 <check enabled="true" class="org.scalastyle.scalariform.EnsureSingleSpaceAfterTokenChecker" level="warning">
  <parameters>
   <parameter name="tokens">COLON, IF</parameter>
  </parameters>
 </check>
 <check enabled="true" class="org.scalastyle.scalariform.DisallowSpaceAfterTokenChecker" level="warning">
  <parameters>
   <parameter name="tokens">LPAREN</parameter>
  </parameters>
 </check>
 <check enabled="true" class="org.scalastyle.scalariform.DisallowSpaceBeforeTokenChecker" level="warning">
  <parameters>
   <parameter name="tokens">COLON, COMMA, RPAREN</parameter>
  </parameters>
 </check>
</scalastyle>