<?xml version="1.0" encoding="UTF-8"?>
<project xsi:schemaLocation="http://maven.apache.org/POM/4.0.0 http://maven.apache.org/xsd/maven-4.0.0.xsd" xmlns="http://maven.apache.org/POM/4.0.0"
    xmlns:xsi="http://www.w3.org/2001/XMLSchema-instance">
  <modelVersion>4.0.0</modelVersion>
  <groupId>com.socgen.dpc</groupId>
  <artifactId>io-handler</artifactId>
  <version>1.0.8</version>
  <dependencies>
    <dependency>
      <groupId>org.apache.spark</groupId>
      <artifactId>spark-core_2.11</artifactId>
      <version>2.2.0</version>
      <scope>provided</scope>
    </dependency>
    <dependency>
      <groupId>org.apache.spark</groupId>
      <artifactId>spark-sql_2.11</artifactId>
      <version>2.4.6</version>
      <scope>provided</scope>
    </dependency>
    <dependency>
      <groupId>org.apache.spark</groupId>
      <artifactId>spark-hive_2.11</artifactId>
      <version>2.2.0</version>
      <scope>provided</scope>
    </dependency>
    <dependency>
      <groupId>com.databricks</groupId>
      <artifactId>spark-csv_2.11</artifactId>
      <version>1.4.0</version>
      <scope>provided</scope>
    </dependency>
    <dependency>
      <groupId>org.slf4j</groupId>
      <artifactId>slf4j-api</artifactId>
      <version>1.7.25</version>
      <scope>compile</scope>
    </dependency>
    <dependency>
      <groupId>com.socgen.sdt</groupId>
      <artifactId>sdt-datalogger-api_2.11</artifactId>
      <version>2.5</version>
      <scope>compile</scope>
    </dependency>
    <dependency>
      <groupId>com.socgen.dpc</groupId>
      <artifactId>common</artifactId>
      <version>1.0.2</version>
      <scope>compile</scope>
    </dependency>
    <dependency>
      <groupId>org.apache.hadoop</groupId>
      <artifactId>hadoop-aws</artifactId>
      <version>2.7.3</version>
      <scope>compile</scope>
      <exclusions>
        <exclusion>
          <artifactId>json-smart</artifactId>
          <groupId>net.minidev</groupId>
        </exclusion>
        <exclusion>
          <artifactId>jackson-databind</artifactId>
          <groupId>com.fasterxml.jackson.core</groupId>
        </exclusion>
        <exclusion>
          <artifactId>jackson-core</artifactId>
          <groupId>com.fasterxml.jackson.core</groupId>
        </exclusion>
        <exclusion>
          <artifactId>jackson-annotations</artifactId>
          <groupId>com.fasterxml.jackson.core</groupId>
        </exclusion>
        <exclusion>
          <artifactId>jackson-module-jaxb-annotations</artifactId>
          <groupId>com.fasterxml.jackson.module</groupId>
        </exclusion>
        <exclusion>
          <artifactId>jackson-jaxrs-json-provider</artifactId>
          <groupId>com.fasterxml.jackson.jaxrs</groupId>
        </exclusion>
        <exclusion>
          <artifactId>servlet-api</artifactId>
          <groupId>javax.servlet</groupId>
        </exclusion>
        <exclusion>
          <artifactId>jsp-api</artifactId>
          <groupId>javax.servlet.jsp</groupId>
        </exclusion>
      </exclusions>
    </dependency>
    <dependency>
      <groupId>com.amazonaws</groupId>
      <artifactId>aws-java-sdk</artifactId>
      <version>1.7.4</version>
      <scope>compile</scope>
      <exclusions>
        <exclusion>
          <artifactId>json-smart</artifactId>
          <groupId>net.minidev</groupId>
        </exclusion>
        <exclusion>
          <artifactId>jackson-databind</artifactId>
          <groupId>com.fasterxml.jackson.core</groupId>
        </exclusion>
        <exclusion>
          <artifactId>jackson-core</artifactId>
          <groupId>com.fasterxml.jackson.core</groupId>
        </exclusion>
        <exclusion>
          <artifactId>jackson-annotations</artifactId>
          <groupId>com.fasterxml.jackson.core</groupId>
        </exclusion>
        <exclusion>
          <artifactId>jackson-module-jaxb-annotations</artifactId>
          <groupId>com.fasterxml.jackson.module</groupId>
        </exclusion>
        <exclusion>
          <artifactId>jackson-jaxrs-json-provider</artifactId>
          <groupId>com.fasterxml.jackson.jaxrs</groupId>
        </exclusion>
      </exclusions>
    </dependency>
    <dependency>
      <groupId>io.spray</groupId>
      <artifactId>spray-json_2.11</artifactId>
      <version>1.3.4</version>
      <scope>compile</scope>
    </dependency>
    <dependency>
      <groupId>io.trino</groupId>
      <artifactId>trino-jdbc</artifactId>
      <version>357</version>
      <scope>compile</scope>
    </dependency>
    <dependency>
      <groupId>com.crealytics</groupId>
      <artifactId>spark-excel_2.11</artifactId>
      <version>0.13.7</version>
      <scope>compile</scope>
    </dependency>
    <dependency>
      <groupId>org.elasticsearch</groupId>
      <artifactId>elasticsearch-spark-20_2.11</artifactId>
      <version>6.3.0</version>
      <scope>compile</scope>
    </dependency>
    <dependency>
      <groupId>org.apache.maven</groupId>
      <artifactId>maven-model-builder</artifactId>
      <version>3.6.3</version>
      <scope>compile</scope>
    </dependency>
  </dependencies>
</project>
