<?xml version="1.0" encoding="UTF-8"?>
<project xmlns="http://maven.apache.org/POM/4.0.0" xmlns:xsi="http://www.w3.org/2001/XMLSchema-instance" xsi:schemaLocation="http://maven.apache.org/POM/4.0.0 http://maven.apache.org/maven-v4_0_0.xsd">
  <parent>
    <artifactId>sofa-pom-parent</artifactId>
    <groupId>com.socgen.bsc.sofa</groupId>
    <version>1.0.10</version>
    <relativePath>../pom.xml/pom.xml</relativePath>
  </parent>
  <modelVersion>4.0.0</modelVersion>
  <groupId>com.socgen.dpc</groupId>
  <artifactId>io-handler</artifactId>
  <version>1.0.8</version>
  <developers>
    <developer>
      <name>Adrien Milotic</name>
      <email>adrien.milotic@socgen.com</email>
      <timezone>Europe/Paris</timezone>
    </developer>
    <developer>
      <name>Tahar BOUBEKEUR</name>
      <email>tahar.boubekeur-ext@sogcgen.com</email>
      <timezone>Europe/Paris</timezone>
    </developer>
  </developers>
  <build>
    <sourceDirectory>${src.dir}</sourceDirectory>
    <testSourceDirectory>${test.dir}</testSourceDirectory>
    <plugins>
      <plugin>
        <groupId>org.codehaus.mojo</groupId>
        <artifactId>flatten-maven-plugin</artifactId>
        <version>1.0.0</version>
        <executions>
          <execution>
            <id>flatten</id>
            <phase>process-resources</phase>
            <goals>
              <goal>flatten</goal>
            </goals>
          </execution>
          <execution>
            <id>flatten.clean</id>
            <phase>clean</phase>
            <goals>
              <goal>clean</goal>
            </goals>
          </execution>
        </executions>
        <configuration>
          <updatePomFile>true</updatePomFile>
        </configuration>
      </plugin>
      <plugin>
        <artifactId>maven-deploy-plugin</artifactId>
        <version>2.4</version>
        <configuration>
          <skip>false</skip>
        </configuration>
      </plugin>
      <plugin>
        <groupId>org.scalastyle</groupId>
        <artifactId>scalastyle-maven-plugin</artifactId>
        <version>1.0.0</version>
        <executions>
          <execution>
            <goals>
              <goal>check</goal>
            </goals>
          </execution>
        </executions>
        <dependencies>
          <dependency>
            <groupId>org.scalastyle</groupId>
            <artifactId>scalastyle-maven-plugin</artifactId>
            <version>1.0.0</version>
          </dependency>
        </dependencies>
        <configuration>
          <skip>true</skip>
          <verbose>false</verbose>
          <failOnViolation>true</failOnViolation>
          <includeTestSourceDirectory>true</includeTestSourceDirectory>
          <failOnWarning>${scalastyle.fail.warning}</failOnWarning>
          <sourceDirectory>${src.dir}</sourceDirectory>
          <testSourceDirectory>${test.dir}</testSourceDirectory>
          <configLocation>${scalastyle.relative.config}</configLocation>
          <outputFile>${scalastyle.outputs.file}</outputFile>
          <outputEncoding>UTF-8</outputEncoding>
          <minimizeJar>true</minimizeJar>
        </configuration>
      </plugin>
      <plugin>
        <groupId>net.alchim31.maven</groupId>
        <artifactId>scala-maven-plugin</artifactId>
        <version>3.1.6</version>
        <executions>
          <execution>
            <phase>compile</phase>
            <goals>
              <goal>compile</goal>
              <goal>testCompile</goal>
            </goals>
          </execution>
        </executions>
      </plugin>
      <plugin>
        <artifactId>maven-surefire-plugin</artifactId>
        <version>2.7</version>
        <configuration>
          <skipTests>true</skipTests>
        </configuration>
      </plugin>
      <plugin>
        <groupId>org.scalatest</groupId>
        <artifactId>scalatest-maven-plugin</artifactId>
        <version>2.0.0</version>
        <executions>
          <execution>
            <id>test</id>
            <goals>
              <goal>test</goal>
            </goals>
          </execution>
        </executions>
        <configuration>
          <argLine>-Xmx512m</argLine>
        </configuration>
      </plugin>
      <plugin>
        <artifactId>maven-assembly-plugin</artifactId>
        <version>${maven-assembly-plugin.version}</version>
      </plugin>
      <plugin>
        <artifactId>maven-compiler-plugin</artifactId>
        <configuration>
          <source>8</source>
          <target>8</target>
        </configuration>
      </plugin>
      <plugin>
        <artifactId>maven-shade-plugin</artifactId>
        <version>2.3</version>
        <executions>
          <execution>
            <phase>package</phase>
            <goals>
              <goal>shade</goal>
            </goals>
            <configuration>
              <filters>
                <filter>
                  <artifact>*:*</artifact>
                  <excludes>
                    <exclude>org/datanucleus/**</exclude>
                    <exclude>META-INF/*.SF</exclude>
                    <exclude>META-INF/*.DSA</exclude>
                    <exclude>META-INF/*.RSA</exclude>
                  </excludes>
                </filter>
              </filters>
            </configuration>
          </execution>
        </executions>
      </plugin>
    </plugins>
  </build>
  <dependencies>
    <dependency>
      <groupId>org.apache.spark</groupId>
      <artifactId>spark-core_2.11</artifactId>
      <version>2.2.0</version>
      <scope>provided</scope>
      <exclusions>
        <exclusion>
          <artifactId>avro-mapred</artifactId>
          <groupId>org.apache.avro</groupId>
        </exclusion>
        <exclusion>
          <artifactId>chill_2.11</artifactId>
          <groupId>com.twitter</groupId>
        </exclusion>
        <exclusion>
          <artifactId>chill-java</artifactId>
          <groupId>com.twitter</groupId>
        </exclusion>
        <exclusion>
          <artifactId>xbean-asm5-shaded</artifactId>
          <groupId>org.apache.xbean</groupId>
        </exclusion>
        <exclusion>
          <artifactId>hadoop-client</artifactId>
          <groupId>org.apache.hadoop</groupId>
        </exclusion>
        <exclusion>
          <artifactId>spark-launcher_2.11</artifactId>
          <groupId>org.apache.spark</groupId>
        </exclusion>
        <exclusion>
          <artifactId>spark-network-common_2.11</artifactId>
          <groupId>org.apache.spark</groupId>
        </exclusion>
        <exclusion>
          <artifactId>spark-network-shuffle_2.11</artifactId>
          <groupId>org.apache.spark</groupId>
        </exclusion>
        <exclusion>
          <artifactId>spark-unsafe_2.11</artifactId>
          <groupId>org.apache.spark</groupId>
        </exclusion>
        <exclusion>
          <artifactId>javax.servlet-api</artifactId>
          <groupId>javax.servlet</groupId>
        </exclusion>
        <exclusion>
          <artifactId>jul-to-slf4j</artifactId>
          <groupId>org.slf4j</groupId>
        </exclusion>
        <exclusion>
          <artifactId>jcl-over-slf4j</artifactId>
          <groupId>org.slf4j</groupId>
        </exclusion>
        <exclusion>
          <artifactId>compress-lzf</artifactId>
          <groupId>com.ning</groupId>
        </exclusion>
        <exclusion>
          <artifactId>lz4</artifactId>
          <groupId>net.jpountz.lz4</groupId>
        </exclusion>
        <exclusion>
          <artifactId>RoaringBitmap</artifactId>
          <groupId>org.roaringbitmap</groupId>
        </exclusion>
        <exclusion>
          <artifactId>json4s-jackson_2.11</artifactId>
          <groupId>org.json4s</groupId>
        </exclusion>
        <exclusion>
          <artifactId>jersey-client</artifactId>
          <groupId>org.glassfish.jersey.core</groupId>
        </exclusion>
        <exclusion>
          <artifactId>jersey-common</artifactId>
          <groupId>org.glassfish.jersey.core</groupId>
        </exclusion>
        <exclusion>
          <artifactId>jersey-server</artifactId>
          <groupId>org.glassfish.jersey.core</groupId>
        </exclusion>
        <exclusion>
          <artifactId>jersey-container-servlet</artifactId>
          <groupId>org.glassfish.jersey.containers</groupId>
        </exclusion>
        <exclusion>
          <artifactId>jersey-container-servlet-core</artifactId>
          <groupId>org.glassfish.jersey.containers</groupId>
        </exclusion>
        <exclusion>
          <artifactId>netty-all</artifactId>
          <groupId>io.netty</groupId>
        </exclusion>
        <exclusion>
          <artifactId>stream</artifactId>
          <groupId>com.clearspring.analytics</groupId>
        </exclusion>
        <exclusion>
          <artifactId>metrics-core</artifactId>
          <groupId>io.dropwizard.metrics</groupId>
        </exclusion>
        <exclusion>
          <artifactId>metrics-jvm</artifactId>
          <groupId>io.dropwizard.metrics</groupId>
        </exclusion>
        <exclusion>
          <artifactId>metrics-json</artifactId>
          <groupId>io.dropwizard.metrics</groupId>
        </exclusion>
        <exclusion>
          <artifactId>metrics-graphite</artifactId>
          <groupId>io.dropwizard.metrics</groupId>
        </exclusion>
        <exclusion>
          <artifactId>jackson-databind</artifactId>
          <groupId>com.fasterxml.jackson.core</groupId>
        </exclusion>
        <exclusion>
          <artifactId>jackson-module-scala_2.11</artifactId>
          <groupId>com.fasterxml.jackson.module</groupId>
        </exclusion>
        <exclusion>
          <artifactId>ivy</artifactId>
          <groupId>org.apache.ivy</groupId>
        </exclusion>
        <exclusion>
          <artifactId>oro</artifactId>
          <groupId>oro</groupId>
        </exclusion>
        <exclusion>
          <artifactId>pyrolite</artifactId>
          <groupId>net.razorvine</groupId>
        </exclusion>
        <exclusion>
          <artifactId>py4j</artifactId>
          <groupId>net.sf.py4j</groupId>
        </exclusion>
        <exclusion>
          <artifactId>spark-tags_2.11</artifactId>
          <groupId>org.apache.spark</groupId>
        </exclusion>
        <exclusion>
          <artifactId>commons-crypto</artifactId>
          <groupId>org.apache.commons</groupId>
        </exclusion>
        <exclusion>
          <artifactId>unused</artifactId>
          <groupId>org.spark-project.spark</groupId>
        </exclusion>
      </exclusions>
    </dependency>
    <dependency>
      <groupId>org.apache.spark</groupId>
      <artifactId>spark-sql_2.11</artifactId>
      <version>2.4.6</version>
      <scope>provided</scope>
      <exclusions>
        <exclusion>
          <artifactId>univocity-parsers</artifactId>
          <groupId>com.univocity</groupId>
        </exclusion>
        <exclusion>
          <artifactId>spark-sketch_2.11</artifactId>
          <groupId>org.apache.spark</groupId>
        </exclusion>
        <exclusion>
          <artifactId>spark-catalyst_2.11</artifactId>
          <groupId>org.apache.spark</groupId>
        </exclusion>
        <exclusion>
          <artifactId>orc-core</artifactId>
          <groupId>org.apache.orc</groupId>
        </exclusion>
        <exclusion>
          <artifactId>orc-mapreduce</artifactId>
          <groupId>org.apache.orc</groupId>
        </exclusion>
        <exclusion>
          <artifactId>parquet-column</artifactId>
          <groupId>org.apache.parquet</groupId>
        </exclusion>
        <exclusion>
          <artifactId>parquet-hadoop</artifactId>
          <groupId>org.apache.parquet</groupId>
        </exclusion>
        <exclusion>
          <artifactId>arrow-vector</artifactId>
          <groupId>org.apache.arrow</groupId>
        </exclusion>
        <exclusion>
          <artifactId>xbean-asm6-shaded</artifactId>
          <groupId>org.apache.xbean</groupId>
        </exclusion>
        <exclusion>
          <artifactId>spark-tags_2.11</artifactId>
          <groupId>org.apache.spark</groupId>
        </exclusion>
        <exclusion>
          <artifactId>jackson-databind</artifactId>
          <groupId>com.fasterxml.jackson.core</groupId>
        </exclusion>
        <exclusion>
          <artifactId>unused</artifactId>
          <groupId>org.spark-project.spark</groupId>
        </exclusion>
      </exclusions>
    </dependency>
    <dependency>
      <groupId>org.apache.spark</groupId>
      <artifactId>spark-hive_2.11</artifactId>
      <version>2.2.0</version>
      <scope>provided</scope>
      <exclusions>
        <exclusion>
          <artifactId>parquet-hadoop-bundle</artifactId>
          <groupId>com.twitter</groupId>
        </exclusion>
        <exclusion>
          <artifactId>hive-exec</artifactId>
          <groupId>org.spark-project.hive</groupId>
        </exclusion>
        <exclusion>
          <artifactId>hive-metastore</artifactId>
          <groupId>org.spark-project.hive</groupId>
        </exclusion>
        <exclusion>
          <artifactId>calcite-avatica</artifactId>
          <groupId>org.apache.calcite</groupId>
        </exclusion>
        <exclusion>
          <artifactId>calcite-core</artifactId>
          <groupId>org.apache.calcite</groupId>
        </exclusion>
        <exclusion>
          <artifactId>jodd-core</artifactId>
          <groupId>org.jodd</groupId>
        </exclusion>
        <exclusion>
          <artifactId>datanucleus-core</artifactId>
          <groupId>org.datanucleus</groupId>
        </exclusion>
        <exclusion>
          <artifactId>libthrift</artifactId>
          <groupId>org.apache.thrift</groupId>
        </exclusion>
        <exclusion>
          <artifactId>libfb303</artifactId>
          <groupId>org.apache.thrift</groupId>
        </exclusion>
        <exclusion>
          <artifactId>avro-mapred</artifactId>
          <groupId>org.apache.avro</groupId>
        </exclusion>
        <exclusion>
          <artifactId>unused</artifactId>
          <groupId>org.spark-project.spark</groupId>
        </exclusion>
      </exclusions>
    </dependency>
    <dependency>
      <groupId>com.databricks</groupId>
      <artifactId>spark-csv_2.11</artifactId>
      <version>1.4.0</version>
      <scope>provided</scope>
      <exclusions>
        <exclusion>
          <artifactId>commons-csv</artifactId>
          <groupId>org.apache.commons</groupId>
        </exclusion>
        <exclusion>
          <artifactId>univocity-parsers</artifactId>
          <groupId>com.univocity</groupId>
        </exclusion>
      </exclusions>
    </dependency>
    <dependency>
      <groupId>org.scalatest</groupId>
      <artifactId>scalatest_2.11</artifactId>
      <version>3.0.5</version>
      <scope>test</scope>
      <exclusions>
        <exclusion>
          <artifactId>scalactic_2.11</artifactId>
          <groupId>org.scalactic</groupId>
        </exclusion>
        <exclusion>
          <artifactId>scala-reflect</artifactId>
          <groupId>org.scala-lang</groupId>
        </exclusion>
      </exclusions>
    </dependency>
  </dependencies>
  <properties>
    <scalastyle.outputs.file>scalastyle/output/scalastyle-output.xml</scalastyle.outputs.file>
    <src.dir>src/main/scala</src.dir>
    <scalastyle.fail.warning>false</scalastyle.fail.warning>
    <java.version>1.8</java.version>
    <scalastyle.relative.config>scalastyle/config/scalastyle_config.xml</scalastyle.relative.config>
    <test.dir>src/test/scala</test.dir>
    <fitnesse-integration.port>5093</fitnesse-integration.port>
    <fitnesse-standalone.port>5092</fitnesse-standalone.port>
    <maven-assembly-plugin.version>2.6</maven-assembly-plugin.version>
    <datalogger-version>2.1</datalogger-version>
    <scala.version>${scala.major.version}.8</scala.version>
    <scala.major.version>2.11</scala.major.version>
    <spark.version>2.2.0</spark.version>
    <scalastyle.children.skip>false</scalastyle.children.skip>
  </properties>
</project>

