{
    "index_patterns": [
        "bscdpchprd-jobmontest-jobs"
    ],
    "template": {
        "settings": {
            "number_of_shards": 1
        },
        "mappings": {
            "properties": {
                "dataClass": {
                    "type": "keyword"
                },
                "jobEntry": {
                    "properties": {
                        "failedStage": {
                            "type": "long"
                        },
                        "jobEndTime": {
                            "type": "date",
                            "null_value": null 
                        },
                        "jobExecutorCpuTime": {
                            "type": "long"
                        },
                        "jobExecutorRunTime": {
                            "type": "long"
                        },
                        "jobId": {
                            "type": "keyword"
                        },
                        "jobRecordsRead": {
                            "type": "long"
                        },
                        "jobRecordsWritten": {
                            "type": "long"
                        },
                        "jobResult": {
                            "type": "keyword"
                        },
                        "jobStartTime": {
                            "type": "date"
                        },
                        "relatedQueryId": {
                            "type": "long"
                        }
                    }
                },
                "sourceAppId": {
                    "type": "keyword"
                },
                "sourceAppName": {
                    "type": "keyword"
                },
                "timestamp": {
                    "type": "date"
                }
            }
        }
    }
}