{
    "index_patterns": [
        "bscdpchprd-jobmontest-apps"
    ],
    "template": {
        "settings": {
            "number_of_shards": 1
        },
        "mappings": {
            "properties": {
                "appEntry": {
                    "properties": {
                        "appEndTime": {
                            "type": "date",
                            "null_value": null 
                        },
                        "appExecutorCpuTime": {
                            "type": "long"
                        },
                        "appExecutorRunTime": {
                            "type": "long"
                        },
                        "appFailedStage": {
                            "type": "long"
                        },
                        "appId": {
                            "type": "keyword"
                        },
                        "appMainStartTime": {
                            "type": "date"
                        },
                        "appName": {
                            "type": "keyword"
                        },
                        "appRecordsRead": {
                            "type": "long"
                        },
                        "appRecordsWritten": {
                            "type": "long"
                        },
                        "appSparkStartTime": {
                            "type": "date"
                        }
                    }
                },
                "dataClass": {
                    "type": "keyword"
                },
                "sourceAppId": {
                    "type": "keyword"
                },
                "sourceAppName": {
                    "type": "keyword"
                },
                "timestamp": {
                    "type": "date"
                }
            }
        }
    }
}