{
    "index_patterns": [
        "bscdpchprd-jobmontest-queries"
    ],
    "template": {
        "settings": {
            "number_of_shards": 1
        },
        "mappings": {
            "properties": {
                "dataClass": {
                    "type": "keyword"
                },
                "queryEntry": {
                    "properties": {
                        "physicalPlanDescription": {
                            "type": "text"
                        },
                        "planNodeName": {
                            "type": "text"
                        },
                        "queryDescription": {
                            "type": "text"
                        },
                        "queryDetails": {
                            "type": "text"
                        },
                        "queryEndTime": {
                            "type": "date",
                            "null_value": null
                        },
                        "queryExecutorCpuTime": {
                            "type": "long"
                        },
                        "queryExecutorRunTime": {
                            "type": "long"
                        },
                        "queryId": {
                            "type": "keyword"
                        },
                        "queryIsSavedTable": {
                            "type": "boolean"
                        },
                        "queryRecordsRead": {
                            "type": "long"
                        },
                        "queryRecordsWritten": {
                            "type": "long"
                        },
                        "queryRelatedJobIds": {
                            "type": "long"
                        },
                        "querySavedTable": {
                            "properties": {
                                "compressed": {
                                    "type": "keyword"
                                },
                                "database": {
                                    "type": "keyword"
                                },
                                "locationUri": {
                                    "type": "text"
                                },
                                "mode": {
                                    "type": "keyword"
                                },
                                "numPartitions": {
                                    "type": "long"
                                },
                                "outputColumnNames": {
                                    "type": "text"
                                },
                                "provider": {
                                    "type": "keyword"
                                },
                                "tableName": {
                                    "type": "keyword"
                                },
                                "tableType": {
                                    "type": "keyword"
                                }
                            }
                        },
                        "queryStartTime": {
                            "type": "date"
                        }
                    }
                },
                "sourceAppId": {
                    "type": "keyword"
                },
                "sourceAppName": {
                    "type": "keyword"
                },
                "timestamp": {
                    "type": "date"
                }
            }
        }
    }
}