{
    "index_patterns": [
        "bscdpchprd-jobmontest-executors"
    ],
    "template": {
        "settings": {
            "number_of_shards": 1
        },
        "mappings": {
            "properties": {
                "dataClass": {
                    "type": "keyword"
                },
                "executorEntry": {
                    "properties": {
                        "executorEndTime": {
                            "type": "date",
                            "null_value": null 
                        },
                        "executorHost": {
                            "type": "keyword"
                        },
                        "executorId": {
                            "type": "keyword"
                        },
                        "executorStartTime": {
                            "type": "date"
                        },
                        "executorStatus": {
                            "type": "long"
                        },
                        "removedReason": {
                            "type": "keyword"
                        },
                        "totalCores": {
                            "type": "long"
                        }
                    }
                },
                "sourceAppId": {
                    "type": "keyword"
                },
                "sourceAppName": {
                    "type": "keyword"
                },
                "timestamp": {
                    "type": "date"
                }
            }
        }
    }
}