<?xml version="1.0" encoding="utf-8"?>
<assembly xmlns="http://maven.apache.org/plugins/maven-assembly-plugin/assembly/1.1.3"
          xmlns:xsi="http://www.w3.org/2001/XMLSchema-instance"
          xsi:schemaLocation="http://maven.apache.org/plugins/maven-assembly-plugin/assembly/1.1.3 http://maven.apache.org/xsd/assembly-1.1.3.xsd">
    <id>release</id>
    <formats>
        <format>zip</format>
    </formats>
    <includeBaseDirectory>false</includeBaseDirectory>
    <fileSets>
        <fileSet>
            <directory>scripts</directory>
        </fileSet>
    </fileSets>
    <files>
        <file>
            <source> ${project.build.directory}/${project.artifactId}-${project.version}.jar</source>
            <outputDirectory>/</outputDirectory>
        </file>
    </files>
</assembly>