<?xml version="1.0" encoding="UTF-8"?>
<project xsi:schemaLocation="http://maven.apache.org/POM/4.0.0 http://maven.apache.org/xsd/maven-4.0.0.xsd" xmlns="http://maven.apache.org/POM/4.0.0"
    xmlns:xsi="http://www.w3.org/2001/XMLSchema-instance">
  <modelVersion>4.0.0</modelVersion>
  <groupId>com.socgen.dpc</groupId>
  <artifactId>audit</artifactId>
  <version>1.0.6</version>
  <dependencies>
    <dependency>
      <groupId>com.socgen.dpc</groupId>
      <artifactId>io-handler</artifactId>
      <version>1.0.8</version>
      <scope>compile</scope>
    </dependency>
    <dependency>
      <groupId>org.apache.spark</groupId>
      <artifactId>spark-sql_2.11</artifactId>
      <version>2.4.6</version>
      <scope>provided</scope>
    </dependency>
    <dependency>
      <groupId>org.apache.maven</groupId>
      <artifactId>maven-model-builder</artifactId>
      <version>3.6.3</version>
      <scope>compile</scope>
    </dependency>
  </dependencies>
</project>
